Abel,MASCULINO
Adriana,FEMENINO
Alan,MASCULINO
Alejandro,MASCULINO
Alfredo,MASCULINO
Alicia,FEMENINO
Alonso,MASCULINO
Amalia,FEMENINO
Andres,MASCULINO
Angelica,FEMENINO
Antonio,MASCULINO
Beatriz,FEMENINO
Bernardo,MASCULINO
Blanca,FEMENINO
Carlos,MASCULINO
Carolina,FEMENINO
Cesar,MASCULINO
Claudia,FEMENINO
Daniel,MASCULINO
David,MASCULINO
Diana,FEMENINO
Diego,MASCULINO
Elena,FEMENINO
Emilio,MASCULINO
Emma,FEMENINO
Enrique,MASCULINO
Ernesto,MASCULINO
Esperanza,FEMENINO
Esteban,MASCULINO
Fabiola,FEMENINO
Federico,MASCULINO
Felipe,MASCULINO
Fernanda,FEMENINO
Fernando,MASCULINO
Francisco,MASCULINO
Gabriel,MASCULINO
Gabriela,FEMENINO
Gerardo,MASCULINO
Gloria,FEMENINO
Guadalupe,FEMENINO
Guillermo,MASCULINO
Gustavo,MASCULINO
Hector,MASCULINO
Ignacio,MASCULINO
Ines,FEMENINO
Isaac,MASCULINO
Isabel,FEMENINO
Jacobo,MASCULINO
Javier,MASCULINO
Jimena,FEMENINO
Joaquin,MASCULINO
Jorge,MASCULINO
Josefina,FEMENINO
Jose,MASCULINO
Juan,MASCULINO
Juana,FEMENINO
Julia,FEMENINO
Julio,MASCULINO
Laura,FEMENINO
Leandro,MASCULINO
Leonardo,MASCULINO
Leticia,FEMENINO
Lorena,FEMENINO
Lorenzo,MASCULINO
Lucas,MASCULINO
Lucia,FEMENINO
Luis,MASCULINO
Manuel,MASCULINO
Marcela,FEMENINO
Marco,MASCULINO
Margarita,FEMENINO
Mariano,MASCULINO
Maria,FEMENINO
Mario,MASCULINO
Marisol,FEMENINO
Martin,MASCULINO
Mateo,MASCULINO
Matilde,FEMENINO
Mauricio,MASCULINO
Mercedes,FEMENINO
Miguel,MASCULINO
Monica,FEMENINO
Natalia,FEMENINO
Nicolas,MASCULINO
Octavio,MASCULINO
Olivia,FEMENINO
Oscar,MASCULINO
Pablo,MASCULINO
Patricia,FEMENINO
Pedro,MASCULINO
Raul,MASCULINO
Renata,FEMENINO
Ricardo,MASCULINO
Roberto,MASCULINO
Rodrigo,MASCULINO
Rosa,FEMENINO
Ruben,MASCULINO
Salvador,MASCULINO
Samuel,MASCULINO
Sara,FEMENINO
Sergio,MASCULINO
Silvia,FEMENINO
Simon,MASCULINO
Sofia,FEMENINO
Susana,FEMENINO
Teresa,FEMENINO
Tomas,MASCULINO
Valentina,FEMENINO
Valentin,MASCULINO
Veronica,FEMENINO
Vicente,MASCULINO
Victoria,FEMENINO
Virginia,FEMENINO
Ximena,FEMENINO
Yolanda,FEMENINO
Herminia,FEMENINO
Hernan,MASCULINO
Hilda,FEMENINO
Homero,MASCULINO
Hortensia,FEMENINO
Hugo,MASCULINO
Ignacia,FEMENINO
Ignacio,MASCULINO
Ildefonso,MASCULINO
Ingrid,FEMENINO
Irene,FEMENINO
Irineo,MASCULINO
Isabel,FEMENINO
Isidro,MASCULINO
Ismael,MASCULINO
Jacinta,FEMENINO
Jacinto,MASCULINO
Jacobo,MASCULINO
Jaime,MASCULINO
Javier,MASCULINO
Jeronimo,MASCULINO
Jessica,FEMENINO
Jesus,MASCULINO
Jimena,FEMENINO
Joan,MASCULINO
Joana,FEMENINO
Joaquin,MASCULINO
Joaquina,FEMENINO
Jorge,MASCULINO
Josefa,FEMENINO
Jose,MASCULINO
Josefina,FEMENINO
Josue,MASCULINO
Juan,MASCULINO
Juana,FEMENINO
Julia,FEMENINO
Julian,MASCULINO
Juliana,FEMENINO
Julio,MASCULINO
Justina,FEMENINO
Justino,MASCULINO
Laura,FEMENINO
Lazaro,MASCULINO
Leandro,MASCULINO
Leila,FEMENINO
Leonardo,MASCULINO
Leonor,FEMENINO
Lidia,FEMENINO
Lorenzo,MASCULINO
Lorena,FEMENINO
Lourdes,FEMENINO
Lucas,MASCULINO
Lucia,FEMENINO
Luciano,MASCULINO
Luis,MASCULINO
Luisa,FEMENINO
Luz,FEMENINO
Macarena,FEMENINO
Manuel,MASCULINO
Marcela,FEMENINO
Marcelino,MASCULINO
Marcia,FEMENINO
Marco,MASCULINO
Marcos,MASCULINO
Margarita,FEMENINO
Maria,FEMENINO
Mariano,MASCULINO
Maribel,FEMENINO
Mario,MASCULINO
Marisol,FEMENINO
Martha,FEMENINO
Martin,MASCULINO
Mateo,MASCULINO
Matias,MASCULINO
Mauricio,MASCULINO
Maximiliano,MASCULINO
Mayra,FEMENINO
Mercedes,FEMENINO
Micaela,FEMENINO
Miguel,MASCULINO
Milagros,FEMENINO
Mireya,FEMENINO
Modesto,MASCULINO
Monica,FEMENINO
Nadia,FEMENINO
Natalia,FEMENINO
Natalio,MASCULINO
Natividad,FEMENINO
Nestor,MASCULINO
Nicandro,MASCULINO
Nicodemo,MASCULINO
Nicolas,MASCULINO
Nieves,FEMENINO
Noelia,FEMENINO
Nora,FEMENINO
Norberto,MASCULINO
Norma,FEMENINO
Octavio,MASCULINO
Olga,FEMENINO
Olivia,FEMENINO
Oscar,MASCULINO
Osvaldo,MASCULINO
Pablo,MASCULINO
Paloma,FEMENINO
Paola,FEMENINO
Patricio,MASCULINO
Patricia,FEMENINO
Paula,FEMENINO
Pedro,MASCULINO
Pilar,FEMENINO
Ramiro,MASCULINO
Ramon,MASCULINO
Raquel,FEMENINO
Rebeca,FEMENINO
Renata,FEMENINO
Renato,MASCULINO
Ricardo,MASCULINO
Rigoberto,MASCULINO
Rita,FEMENINO
Roberto,MASCULINO
Rodolfo,MASCULINO
Rodrigo,MASCULINO
Rogelio,MASCULINO
Roman,MASCULINO
Rosa,FEMENINO
Rosario,FEMENINO
Ruben,MASCULINO
Ruth,FEMENINO
Salvador,MASCULINO
Samuel,MASCULINO
Sandra,FEMENINO
Santiago,MASCULINO
Sara,FEMENINO
Sebastian,MASCULINO
Sergio,MASCULINO
Silvana,FEMENINO
Silvio,MASCULINO
Sofia,FEMENINO
Soledad,FEMENINO
Sonia,FEMENINO
Susana,FEMENINO
Teodoro,MASCULINO
Teresa,FEMENINO
Tomas,MASCULINO
Trinidad,FEMENINO
Valentina,FEMENINO
Valentin,MASCULINO
Valeria,FEMENINO
Vanesa,FEMENINO
Vicente,MASCULINO
Victoria,FEMENINO
Violeta,FEMENINO
Virginia,FEMENINO
Viviana,FEMENINO
Ximena,FEMENINO
Yolanda,FEMENINO
Zenaida,FEMENINO
Abelardo,MASCULINO
Adelaida,FEMENINO
Agustin,MASCULINO
Albano,MASCULINO
Aldo,MASCULINO
Alfreda,FEMENINO
Almudena,FEMENINO
Alonso,MASCULINO
Alvar,FEMENINO
Amadeo,MASCULINO
Amapola,FEMENINO
Anastasio,MASCULINO
Anatolia,FEMENINO
Anselmo,MASCULINO
Aquilina,FEMENINO
Arcadio,MASCULINO
Argelia,FEMENINO
Aristeo,MASCULINO
Ascension,FEMENINO
Atilio,MASCULINO
Aurelia,FEMENINO
Balbino,MASCULINO
Bartola,FEMENINO
Baudilio,MASCULINO
Belinda,FEMENINO
Benedicto,MASCULINO
Benigna,FEMENINO
Benjamin,MASCULINO
Betsabe,FEMENINO
Braulio,MASCULINO
Brunilda,FEMENINO
Calixto,MASCULINO
Candelaria,FEMENINO
Casimiro,MASCULINO
Catalino,MASCULINO
Celestina,FEMENINO
Cipriano,MASCULINO
Cirila,FEMENINO
Clementina,FEMENINO
Cleofas,MASCULINO
Clotilde,FEMENINO
Conrado,MASCULINO
Consuelo,FEMENINO
Crescencio,MASCULINO
Cruz,MASCULINO
Damaso,MASCULINO
Dalia,FEMENINO
Demetrio,MASCULINO
Diamantina,FEMENINO
Dionisio,MASCULINO
Dolores,FEMENINO
Domingo,MASCULINO
Edelmira,FEMENINO
Edilberto,MASCULINO
Edmundo,MASCULINO
Efigenia,FEMENINO
Efren,MASCULINO
Eleuterio,MASCULINO
Elodia,FEMENINO
Eloy,MASCULINO
Elvira,FEMENINO
Eneas,MASCULINO
Epifanio,MASCULINO
Ercilia,FEMENINO
Ernestina,FEMENINO
Esiquio,MASCULINO
Esmeralda,FEMENINO
Estanislao,MASCULINO
Eufemia,FEMENINO
Eugenio,MASCULINO
Eulalia,FEMENINO
Eusebio,MASCULINO
Eustaquia,FEMENINO
Eutimio,MASCULINO
Evarista,FEMENINO
Ezequiel,MASCULINO
Fabian,MASCULINO
Fabiana,FEMENINO
Faustino,MASCULINO
Felicitas,FEMENINO
Fermin,MASCULINO
Filomena,FEMENINO
Florencio,MASCULINO
Florinda,FEMENINO
Fortunata,FEMENINO
Fulgencio,MASCULINO
Galileo,MASCULINO
Gertrudis,FEMENINO
Gilberto,MASCULINO
Gladys,FEMENINO
Godofredo,MASCULINO
Graciela,FEMENINO
Gregoria,FEMENINO
Guillermo,MASCULINO
Herculano,MASCULINO
Hilaria,FEMENINO
Hilario,MASCULINO
Honorato,MASCULINO
Hortensio,MASCULINO
Ifigenia,FEMENINO
Iker,MASCULINO
Iliana,FEMENINO
Iluminada,FEMENINO
Inocencio,MASCULINO
Ireneo,MASCULINO
Isidora,FEMENINO
Isidro,MASCULINO
Ivette,FEMENINO
Jacinta,FEMENINO
Javier,MASCULINO
Jeronima,FEMENINO
Jesica,FEMENINO
Joaquin,MASCULINO
Jose,MASCULINO
Juan,MASCULINO
Juana,FEMENINO
Julia,FEMENINO
Julio,MASCULINO
Laura,FEMENINO
Leandro,MASCULINO
Leonardo,MASCULINO
Leticia,FEMENINO
Lorena,FEMENINO
Lorenzo,MASCULINO
Lucas,MASCULINO
Lucia,FEMENINO
Luis,MASCULINO
Manuel,MASCULINO
Marcela,FEMENINO
Maria,FEMENINO
Mario,MASCULINO
Marisol,FEMENINO
Martin,MASCULINO
Mateo,MASCULINO
Matilde,FEMENINO
Mauricio,MASCULINO
Mercedes,FEMENINO
Miguel,MASCULINO
Monica,FEMENINO
Natalia,FEMENINO
Nicolas,MASCULINO
Octavio,MASCULINO
Olivia,FEMENINO
Oscar,MASCULINO
Pablo,MASCULINO
Paola,FEMENINO
Patricia,FEMENINO
Pedro,MASCULINO
Raul,MASCULINO
Renata,FEMENINO
Ricardo,MASCULINO
Roberto,MASCULINO
Rodrigo,MASCULINO
Rosa,FEMENINO
Ruben,MASCULINO
Salvador,MASCULINO
Samuel,MASCULINO
Sandra,FEMENINO
Santiago,MASCULINO
Sara,FEMENINO
Sergio,MASCULINO
Silvia,FEMENINO
Simon,MASCULINO
Sofia,FEMENINO
Susana,FEMENINO
Teresa,FEMENINO
Tomas,MASCULINO
Valentina,FEMENINO
Valentin,MASCULINO
Veronica,FEMENINO
Vicente,MASCULINO
Victoria,FEMENINO
Virginia,FEMENINO
Ximena,FEMENINO
Yolanda,FEMENINO
Zaira,FEMENINO
Zoe,FEMENINO
Abel,MASCULINO
Abril,FEMENINO
Agustina,FEMENINO
Alba,FEMENINO
Alejandro,MASCULINO
Alex,FEMENINO
Alfonso,MASCULINO
Alicia,FEMENINO
Alma,FEMENINO
Alonso,MASCULINO
Amalia,FEMENINO
Amanda,FEMENINO
Amelia,FEMENINO
Americo,MASCULINO
Ana,FEMENINO
Anabella,FEMENINO
Andrea,FEMENINO
Andres,MASCULINO
Angela,FEMENINO
Antonia,FEMENINO
Antonio,MASCULINO
Armando,MASCULINO
Aurora,FEMENINO
Avelina,FEMENINO
Azucena,FEMENINO
Balbina,FEMENINO
Baldomero,MASCULINO
Barbara,FEMENINO
Beatriz,FEMENINO
Belen,FEMENINO
Benedicto,MASCULINO
Benigno,MASCULINO
Benito,MASCULINO
Berta,FEMENINO
Blanca,FEMENINO
Bonifacio,MASCULINO
Bruno,MASCULINO
Camila,FEMENINO
Carla,FEMENINO
Carlos,MASCULINO
Carmen,FEMENINO
Catalina,FEMENINO
Cecilia,FEMENINO
Celia,FEMENINO
Cesar,MASCULINO
Clara,FEMENINO
Claudia,FEMENINO
Concepcion,FEMENINO
Consuelo,FEMENINO
Cristian,MASCULINO
Cristina,FEMENINO
Damian,MASCULINO
Daniel,MASCULINO
Daniela,FEMENINO
David,MASCULINO
Diana,FEMENINO
Diego,MASCULINO
Dolores,FEMENINO
Edgar,MASCULINO
Edith,FEMENINO
Eduardo,MASCULINO
Elena,FEMENINO
Elias,MASCULINO